<?xml version="1.0" encoding="UTF-8"?>
<TED_ESENDERS xmlns:xsi="http://www.w3.org/2001/XMLSchema-instance" xsi:noNamespaceSchemaLocation="http://publications.europa.eu/TED_schema/Reception/R2.0.8.S02/TED_ESENDERS.xd">
  <SENDER>
    <LOGIN CLASS="B">
      <ESENDER_LOGIN>TEDA8</ESENDER_LOGIN>
    </LOGIN>
    <USER>
      <USER_E_MAILS>
        <USER_E_MAIL TYPE="FUNCTIONAL">brm_ojs@brm.ro</USER_E_MAIL>
        <USER_E_MAIL TYPE="TECHNICAL">v.gheorghe@brm.ro</USER_E_MAIL>
        <USER_E_MAIL TYPE="CONTENT">a.ursache@brm.ro</USER_E_MAIL>
      </USER_E_MAILS>
    </USER>
    <NO_DOC_EXT>2013-000227</NO_DOC_EXT>
  </SENDER>
  <FORM_SECTION>
    <CONTRACT_AWARD_UTILITIES CATEGORY="ORIGINAL" FORM="6" LG="RO" VERSION="R2.0.8.S02">
      <FD_CONTRACT_AWARD_UTILITIES>
        <CONTRACTING_ENTITY_CONTRACT_AWARD_UTILITIES>
          <NAME_ADDRESSES_CONTACT_CONTRACT_AWARD_UTILITIES>
            <CA_CE_CONCESSIONAIRE_PROFILE>
              <ORGANISATION>
                <OFFICIALNAME>SC Romania Broadcast Corporation SRL</OFFICIALNAME>
              </ORGANISATION>
              <ADDRESS>General Berthelot Street, 60-64</ADDRESS>
              <TOWN>Bucresti</TOWN>
              <COUNTRY VALUE="RO"/>
            </CA_CE_CONCESSIONAIRE_PROFILE>
          </NAME_ADDRESSES_CONTACT_CONTRACT_AWARD_UTILITIES>
        </CONTRACTING_ENTITY_CONTRACT_AWARD_UTILITIES>
        <OBJECT_CONTRACT_AWARD_UTILITIES>
          <DESCRIPTION_CONTRACT_AWARD_UTILITIES>
            <TYPE_CONTRACT_LOCATION_W_PUB>
              <TYPE_CONTRACT VALUE="WORKS"/>
              <TYPE_WORK_CONTRACT>
                <EXECUTION/>
              </TYPE_WORK_CONTRACT>
            </TYPE_CONTRACT_LOCATION_W_PUB>
            <SHORT_DESCRIPTION>Achizitionarea de echipamente radio.</SHORT_DESCRIPTION>
            <CPV>
              <CPV_MAIN>
                <CPV_CODE CODE="32000000"/>
              </CPV_MAIN>
            </CPV>
          </DESCRIPTION_CONTRACT_AWARD_UTILITIES>
        </OBJECT_CONTRACT_AWARD_UTILITIES>
        <PROCEDURES_CONTRACT_AWARD_UTILITIES>
          <TYPE_PROCEDURE_AWARD>
            <PT_OPEN/>
          </TYPE_PROCEDURE_AWARD>
        </PROCEDURES_CONTRACT_AWARD_UTILITIES>
        <AWARD_CONTRACT_CONTRACT_AWARD_UTILITIES>
          <AWARD_AND_CONTRACT_VALUE>
            <CONTACT_DATA_WITHOUT_RESPONSIBLE_NAME_CHP>
              <ORGANISATION>
                <OFFICIALNAME>SC Litertis SRL</OFFICIALNAME>
              </ORGANISATION>
              <ADDRESS>Strada Polona</ADDRESS>
              <TOWN>Bucuresti</TOWN>
              <COUNTRY VALUE="RO"/>
            </CONTACT_DATA_WITHOUT_RESPONSIBLE_NAME_CHP>
          </AWARD_AND_CONTRACT_VALUE>
          <MANDATORY_INFORMATION_NOT_INTENDED_PUBLICATION>
            <CONTACT_DATA_WITHOUT_RESPONSIBLE_NAME_CHP>
              <ORGANISATION>
                <OFFICIALNAME>SC Litertis SRL</OFFICIALNAME>
              </ORGANISATION>
              <ADDRESS>Strada Polona</ADDRESS>
              <TOWN>Bucuresti</TOWN>
              <COUNTRY VALUE="RO"/>
            </CONTACT_DATA_WITHOUT_RESPONSIBLE_NAME_CHP>
          </MANDATORY_INFORMATION_NOT_INTENDED_PUBLICATION>
        </AWARD_CONTRACT_CONTRACT_AWARD_UTILITIES>
        <COMPLEMENTARY_INFORMATION_CONTRACT_AWARD_UTILITIES>
          <APPEAL_PROCEDURES>
            <RESPONSIBLE_FOR_APPEAL_PROCEDURES>
              <CONTACT_DATA_WITHOUT_RESPONSIBLE_NAME>
                <ORGANISATION>
                  <OFFICIALNAME>Ministerul Societatii Informationale</OFFICIALNAME>
                </ORGANISATION>
                <ADDRESS>Strada Centrala, Nr. 24</ADDRESS>
                <TOWN>Bucuresti</TOWN>
                <COUNTRY VALUE="RO"/>
              </CONTACT_DATA_WITHOUT_RESPONSIBLE_NAME>
            </RESPONSIBLE_FOR_APPEAL_PROCEDURES>
          </APPEAL_PROCEDURES>
          <NOTICE_DISPATCH_DATE>
            <DAY>14</DAY>
            <MONTH>05</MONTH>
            <YEAR>2013</YEAR>
          </NOTICE_DISPATCH_DATE>
        </COMPLEMENTARY_INFORMATION_CONTRACT_AWARD_UTILITIES>
      </FD_CONTRACT_AWARD_UTILITIES>
    </CONTRACT_AWARD_UTILITIES>
  </FORM_SECTION>
</TED_ESENDERS>
