<?xml version="1.0" encoding="UTF-8"?>
<TED_ESENDERS xmlns:xsi="http://www.w3.org/2001/XMLSchema-instance" xsi:noNamespaceSchemaLocation="http://publications.europa.eu/TED_schema/Reception/R2.0.8.S02/TED_ESENDERS.xd">
  <SENDER>
    <LOGIN CLASS="B">
      <ESENDER_LOGIN>TEDA8</ESENDER_LOGIN>
    </LOGIN>
    <USER>
      <USER_E_MAILS>
        <USER_E_MAIL TYPE="FUNCTIONAL">brm_ojs@brm.ro</USER_E_MAIL>
        <USER_E_MAIL TYPE="TECHNICAL">v.gheorghe@brm.ro</USER_E_MAIL>
        <USER_E_MAIL TYPE="CONTENT">a.ursache@brm.ro</USER_E_MAIL>
      </USER_E_MAILS>
    </USER>
    <NO_DOC_EXT>2013-000229</NO_DOC_EXT>
  </SENDER>
  <FORM_SECTION>
    <CONTRACT_CONCESSIONAIRE CATEGORY="ORIGINAL" FORM="11" LG="RO" VERSION="R2.0.8.S02">
      <FD_CONTRACT_CONCESSIONAIRE>
        <PUBLIC_WORKS_CONCESSIONAIRE_CONTRACT_NOTICE>
          <NAME_ADDRESSES_CONTACT_CONTRACT_CONCESSIONAIRE>
            <CA_CE_CONCESSIONAIRE_PROFILE>
              <ORGANISATION>
                <OFFICIALNAME>SC UTI SA</OFFICIALNAME>
              </ORGANISATION>
              <ADDRESS>Strada Sevastopol 17C</ADDRESS>
              <TOWN>Bucuresti</TOWN>
              <COUNTRY VALUE="RO"/>
            </CA_CE_CONCESSIONAIRE_PROFILE>
          </NAME_ADDRESSES_CONTACT_CONTRACT_CONCESSIONAIRE>
        </PUBLIC_WORKS_CONCESSIONAIRE_CONTRACT_NOTICE>
        <OBJECT_CONTRACT_NOTICE>
          <OBJECT_CONTRACT_NOTICE_DESCRIPTION>
            <SHORT_DESCRIPTION_CONTRACT>Achizitionarea de echipamente radio.</SHORT_DESCRIPTION_CONTRACT>
            <CPV>
              <CPV_MAIN>
                <CPV_CODE CODE="32000000"/>
              </CPV_MAIN>
            </CPV>
          </OBJECT_CONTRACT_NOTICE_DESCRIPTION>
        </OBJECT_CONTRACT_NOTICE>
        <LEFTI_CONTRACT_NOTICE>
          <CONDITIONS_RELATING_CONTRACT_TEXT>Minim 5000Euro, la cursul valutar al zilei.</CONDITIONS_RELATING_CONTRACT_TEXT>
        </LEFTI_CONTRACT_NOTICE>
        <PROCEDURES_CONTRACT_NOTICE>
          <ADMINISTRATIVE_INFORMATION_CONTRACT_CONCESSIONAIRE>
            <F11_TIME_LIMIT_TYPE VALUE="RECEIPT_TENDERS">
              <TIME_LIMIT>
                <DAY>30</DAY>
                <MONTH>5</MONTH>
                <YEAR>2013</YEAR>
              </TIME_LIMIT>
            </F11_TIME_LIMIT_TYPE>
          </ADMINISTRATIVE_INFORMATION_CONTRACT_CONCESSIONAIRE>
        </PROCEDURES_CONTRACT_NOTICE>
        <COMPLEMENTARY_INFORMATION_CONTRACT_CONCESSIONAIRE>
          <NOTICE_DISPATCH_DATE>
            <DAY>14</DAY>
            <MONTH>05</MONTH>
            <YEAR>2013</YEAR>
          </NOTICE_DISPATCH_DATE>
        </COMPLEMENTARY_INFORMATION_CONTRACT_CONCESSIONAIRE>
      </FD_CONTRACT_CONCESSIONAIRE>
    </CONTRACT_CONCESSIONAIRE>
  </FORM_SECTION>
</TED_ESENDERS>
