<?xml version="1.0" encoding="UTF-8"?>
<TED_ESENDERS xmlns:xsi="http://www.w3.org/2001/XMLSchema-instance" xsi:noNamespaceSchemaLocation="http://publications.europa.eu/TED_schema/Reception/R2.0.8.S02/TED_ESENDERS.xd">
  <SENDER>
    <LOGIN CLASS="B">
      <ESENDER_LOGIN>TEDA8</ESENDER_LOGIN>
    </LOGIN>
    <USER>
      <USER_E_MAILS>
        <USER_E_MAIL TYPE="FUNCTIONAL">brm_ojs@brm.ro</USER_E_MAIL>
        <USER_E_MAIL TYPE="TECHNICAL">v.gheorghe@brm.ro</USER_E_MAIL>
        <USER_E_MAIL TYPE="CONTENT">a.ursache@brm.ro</USER_E_MAIL>
      </USER_E_MAILS>
    </USER>
    <NO_DOC_EXT>2013-000225</NO_DOC_EXT>
  </SENDER>
  <FORM_SECTION>
    <PRIOR_INFORMATION CATEGORY="ORIGINAL" FORM="1" LG="EN" VERSION="R2.0.8.S02">
      <FD_PRIOR_INFORMATION CTYPE="SERVICES">
        <AUTHORITY_PRIOR_INFORMATION>
          <NAME_ADDRESSES_CONTACT_PRIOR_INFORMATION>
            <CA_CE_CONCESSIONAIRE_PROFILE>
              <ORGANISATION>
                <OFFICIALNAME>SC Romania Broadcast Corporation SRL</OFFICIALNAME>
              </ORGANISATION>
              <ADDRESS>General Berthelot Street, 60-64</ADDRESS>
              <TOWN>Bucharest</TOWN>
              <COUNTRY VALUE="RO"/>
            </CA_CE_CONCESSIONAIRE_PROFILE>
          </NAME_ADDRESSES_CONTACT_PRIOR_INFORMATION>
        </AUTHORITY_PRIOR_INFORMATION>
        <OBJECT_WORKS_PRIOR_INFORMATION>
          <QUANTITY_SCOPE_WORKS>
            <TOTAL_QUANTITY_OR_SCOPE>RRK invites you to participate in a technical market dialogue and subsequently to qualify for offering a system for radio production and broadcast. Romanian Broadcasting Corporation, subsequently named RRK, is the public broadcasting corporation in Romania with main responsibility to produce and distribute radio and television programs for the entire Romanian population.</TOTAL_QUANTITY_OR_SCOPE>
          </QUANTITY_SCOPE_WORKS>
          <CPV>
            <CPV_MAIN>
              <CPV_CODE CODE="32000000"/>
            </CPV_MAIN>
          </CPV>
          <SCHEDULED_DATE_PERIOD>
            <PROCEDURE_DATE_STARTING>
              <DAY>12</DAY>
              <MONTH>6</MONTH>
              <YEAR>2013</YEAR>
            </PROCEDURE_DATE_STARTING>
            <PERIOD_WORK_DATE_STARTING>
              <INTERVAL_DATE>
                <START_DATE>
                  <DAY>25</DAY>
                  <MONTH>7</MONTH>
                  <YEAR>2013</YEAR>
                </START_DATE>
                <END_DATE>
                  <DAY>22</DAY>
                  <MONTH>8</MONTH>
                  <YEAR>2013</YEAR>
                </END_DATE>
              </INTERVAL_DATE>
            </PERIOD_WORK_DATE_STARTING>
          </SCHEDULED_DATE_PERIOD>
        </OBJECT_WORKS_PRIOR_INFORMATION>
        <LEFTI_PRIOR_INFORMATION>
          <MAIN_FINANCING_CONDITIONS>Fixed price contract. Payment in accordance with progress. Information of options, if any, is given in the tender documents.</MAIN_FINANCING_CONDITIONS>
        </LEFTI_PRIOR_INFORMATION>
        <OTH_INFO_PRIOR_INFORMATION>
          <NOTICE_DISPATCH_DATE>
            <DAY>14</DAY>
            <MONTH>05</MONTH>
            <YEAR>2013</YEAR>
          </NOTICE_DISPATCH_DATE>
        </OTH_INFO_PRIOR_INFORMATION>
      </FD_PRIOR_INFORMATION>
    </PRIOR_INFORMATION>
  </FORM_SECTION>
</TED_ESENDERS>
