<?xml version="1.0" encoding="UTF-8"?>
<TED_ESENDERS xmlns:xsi="http://www.w3.org/2001/XMLSchema-instance" xsi:noNamespaceSchemaLocation="http://publications.europa.eu/TED_schema/Reception/R2.0.8.S02/TED_ESENDERS.xd">
  <SENDER>
    <LOGIN CLASS="B">
      <ESENDER_LOGIN>TEDA8</ESENDER_LOGIN>
    </LOGIN>
    <USER>
      <USER_E_MAILS>
        <USER_E_MAIL TYPE="FUNCTIONAL">brm_ojs@brm.ro</USER_E_MAIL>
        <USER_E_MAIL TYPE="TECHNICAL">v.gheorghe@brm.ro</USER_E_MAIL>
        <USER_E_MAIL TYPE="CONTENT">a.ursache@brm.ro</USER_E_MAIL>
      </USER_E_MAILS>
    </USER>
    <NO_DOC_EXT>2013-000228</NO_DOC_EXT>
  </SENDER>
  <FORM_SECTION>
    <QUALIFICATION_SYSTEM_UTILITIES CATEGORY="ORIGINAL" FORM="7" LG="RO" VERSION="R2.0.8.S02">
      <FD_QUALIFICATION_SYSTEM_UTILITIES>
        <NOTICE_CALL_COMPETITION_QUALIFICATION_SYSTEM VALUE="NO"/>
        <CONTRACTING_ENTITY_QUALIFICATION_SYSTEM>
          <NAME_ADDRESSES_CONTACT_QUALIFICATION_SYSTEM_UTILITIES>
            <CA_CE_CONCESSIONAIRE_PROFILE>
              <ORGANISATION>
                <OFFICIALNAME>SC Romania Broadcast Corporation SRL</OFFICIALNAME>
              </ORGANISATION>
              <ADDRESS>General Berthelot Street, 60-64</ADDRESS>
              <TOWN>Bucuresti</TOWN>
              <COUNTRY VALUE="RO"/>
            </CA_CE_CONCESSIONAIRE_PROFILE>
          </NAME_ADDRESSES_CONTACT_QUALIFICATION_SYSTEM_UTILITIES>
        </CONTRACTING_ENTITY_QUALIFICATION_SYSTEM>
        <OBJECT_QUALIFICATION_SYSTEM>
          <DESCRIPTION>Se doreste achizitionarea de 10 bucati amplificatoare emisie-receptie 3435 watt RM ITALY KL40.</DESCRIPTION>
          <CPV>
            <CPV_MAIN>
              <CPV_CODE CODE="32000000"/>
            </CPV_MAIN>
          </CPV>
          <CONTRACT_COVERED_GPA VALUE="NO"/>
        </OBJECT_QUALIFICATION_SYSTEM>
        <LEFTI_QUALIFICATION_SYSTEM>
          <QUALIFICATION_FOR_SYSTEM>
            <CONDITIONS_ECONOMIC_OPERATORS>Posibilitatea de livrare imediata a echipamentelor.</CONDITIONS_ECONOMIC_OPERATORS>
            <METHODS_CONDITIONS>Depunerea de garantie financiara.</METHODS_CONDITIONS>
          </QUALIFICATION_FOR_SYSTEM>
          <RESERVED_CONTRACTS>
            <RESTRICTED_TO_FRAMEWORK/>
          </RESERVED_CONTRACTS>
        </LEFTI_QUALIFICATION_SYSTEM>
        <PROCEDURES_QUALIFICATION_SYSTEM>
          <AWARD_CRITERIA_QUALIFICATION_SYSTEM>
            <AWARD_CRITERIA_DETAIL>
              <LOWEST_PRICE/>
            </AWARD_CRITERIA_DETAIL>
            <NO_ELECTRONIC_AUCTION/>
          </AWARD_CRITERIA_QUALIFICATION_SYSTEM>
          <ADMINISTRATIVE_INFORMATION_QUALIFICATION_SYSTEM>
            <FILE_REFERENCE_NUMBER>2013/505</FILE_REFERENCE_NUMBER>
            <DURATION_QUALIFICATION_SYSTEM>
              <DURATION_FROM>
                <DAY>27</DAY>
                <MONTH>6</MONTH>
                <YEAR>2013</YEAR>
              </DURATION_FROM>
              <DURATION_UNTIL>
                <DAY>26</DAY>
                <MONTH>9</MONTH>
                <YEAR>2013</YEAR>
              </DURATION_UNTIL>
            </DURATION_QUALIFICATION_SYSTEM>
            <NO_RENEWAL_QUALIFICATION_SYSTEM/>
          </ADMINISTRATIVE_INFORMATION_QUALIFICATION_SYSTEM>
        </PROCEDURES_QUALIFICATION_SYSTEM>
        <COMPLEMENTARY_INFORMATION_QUALIFICATION_SYSTEM>
          <RELATES_TO_EU_PROJECT_NO/>
          <NOTICE_DISPATCH_DATE>
            <DAY>14</DAY>
            <MONTH>05</MONTH>
            <YEAR>2013</YEAR>
          </NOTICE_DISPATCH_DATE>
        </COMPLEMENTARY_INFORMATION_QUALIFICATION_SYSTEM>
      </FD_QUALIFICATION_SYSTEM_UTILITIES>
    </QUALIFICATION_SYSTEM_UTILITIES>
  </FORM_SECTION>
</TED_ESENDERS>
